id,name,identity
1,Ajay Kumar,jkdhajkdhahdkha1
2,Amar Singh,jkdhajkdhahdkha2
3,Sanjay Khosla,jkdhajkdhahdkha4
4,Nidhi Khanna,jkdhajkdhahdkha3
5,Sonal Kalra,jkdhajkdhahdkha6
6,Aditi Kapoor,jkdhajkdhahdkha9
7,Aditya Bindal,jkdhajkdhahdkha8
8,Manoj Kumar,jkdhajkdhahdkha10
9,Mukul Gupta,jkdhajkdhahdkha11
10,Rohit Bajaj,jkdhajkdhahdkha12
11,Kartik Sachan,jkdhajkdhahdkha13
12,Aman Singhal,jkdhajkdhahdkha14
13,Roshni Sheikh,jkdhajkdhahdkha15
14,Shilpi Aggarwal,jkdhajkdhahdkha16
15,Vivek Mishra,jkdhajkdhahdkha17
16,Varun Bhatia,jkdhajkdhahdkha18
17,Rohil Sinha,jkdhajkdhahdkha19
18,Vikas Marda,jkdhajkdhahdkha20
19,Susmit Saraswat,jkdhajkdhahdkha21
20,Deben Sahu,jkdhajkdhahdkha22
21,Jayant Srivastava,jkdhajkdhahdkha23
22,Srivani Lanka,jkdhajkdhahdkha24
23,Mehwish Khan,jkdhajkdhahdkha25
24,Bharti Madan,jkdhajkdhahdkha26
25,Sakshi Jain,jkdhajkdhahdkha27
26,Reetika Ghai,jkdhajkdhahdkha28
27,Siddharth Bhatnagar,jkdhajkdhahdkha29
28,Snehi Jain,jkdhajkdhahdkha30
29,Shruti Bansal,jkdhajkdhahdkha31
30,Mohit Bansal,jkdhajkdhahdkha32
